{"products":[{"id":"0.14579296774715877","qty":1}],"totalPrice":999.9899999999998}